number,old_filename,new_filename,old_path,new_path,applied_at
1,A_11.png,A_11-raghava-kk-photo-01.png,/Users/raghavakalyanaraman/Downloads/images for website/A_11.png,/Users/raghavakalyanaraman/Downloads/images for website/A_11-raghava-kk-photo-01.png,2026-05-11T11:46:32
2,A_14.jpg,A_14-raghava-kk-photo-02.jpg,/Users/raghavakalyanaraman/Downloads/images for website/A_14.jpg,/Users/raghavakalyanaraman/Downloads/images for website/A_14-raghava-kk-photo-02.jpg,2026-05-11T11:46:32
3,A_2.jpg,A_2-raghava-kk-photo-03.jpg,/Users/raghavakalyanaraman/Downloads/images for website/A_2.jpg,/Users/raghavakalyanaraman/Downloads/images for website/A_2-raghava-kk-photo-03.jpg,2026-05-11T11:46:32
4,A_3.jpg,A_3-raghava-kk-lying-on-liberty-guernica.jpg,/Users/raghavakalyanaraman/Downloads/images for website/A_3.jpg,/Users/raghavakalyanaraman/Downloads/images for website/A_3-raghava-kk-lying-on-liberty-guernica.jpg,2026-05-11T11:46:32
5,A_5.jpg,A_5-raghava-kk-photo-04.jpg,/Users/raghavakalyanaraman/Downloads/images for website/A_5.jpg,/Users/raghavakalyanaraman/Downloads/images for website/A_5-raghava-kk-photo-04.jpg,2026-05-11T11:46:32
6,A_6.HEIC,A_6-raghava-kk-photo-05.HEIC,/Users/raghavakalyanaraman/Downloads/images for website/A_6.HEIC,/Users/raghavakalyanaraman/Downloads/images for website/A_6-raghava-kk-photo-05.HEIC,2026-05-11T11:46:32
8,B-6.png,B-6-9-11-cartoon-2001.png,/Users/raghavakalyanaraman/Downloads/images for website/B-6.png,/Users/raghavakalyanaraman/Downloads/images for website/B-6-9-11-cartoon-2001.png,2026-05-11T11:46:32
9,B_1.jpg,B_1-atal-bihari-vajpayee-caricature-1998.jpg,/Users/raghavakalyanaraman/Downloads/images for website/B_1.jpg,/Users/raghavakalyanaraman/Downloads/images for website/B_1-atal-bihari-vajpayee-caricature-1998.jpg,2026-05-11T11:46:32
10,B_7.jpg,B_7-raghava-kk-teaching-cartooning-children-essaouira-morocco.jpg,/Users/raghavakalyanaraman/Downloads/images for website/B_7.jpg,/Users/raghavakalyanaraman/Downloads/images for website/B_7-raghava-kk-teaching-cartooning-children-essaouira-morocco.jpg,2026-05-11T11:46:32
11,C-1.jpg,C-1-raghava-kk-backpacking-through-europe-rome.jpg,/Users/raghavakalyanaraman/Downloads/images for website/C-1.jpg,/Users/raghavakalyanaraman/Downloads/images for website/C-1-raghava-kk-backpacking-through-europe-rome.jpg,2026-05-11T11:46:32
17,E_1.jpg,E_1-not-allowed-to-cry-birlas-book-cover-raghava-kk.jpg,/Users/raghavakalyanaraman/Downloads/images for website/E_1.jpg,/Users/raghavakalyanaraman/Downloads/images for website/E_1-not-allowed-to-cry-birlas-book-cover-raghava-kk.jpg,2026-05-11T11:46:32
18,F_1.jpg,F_1-robin-hood-foundation-library-raghava-art-01.jpg,/Users/raghavakalyanaraman/Downloads/images for website/F_1.jpg,/Users/raghavakalyanaraman/Downloads/images for website/F_1-robin-hood-foundation-library-raghava-art-01.jpg,2026-05-11T11:46:32
19,F_2.jpg,F_2-robin-hood-foundation-library-raghava-art-02.jpg,/Users/raghavakalyanaraman/Downloads/images for website/F_2.jpg,/Users/raghavakalyanaraman/Downloads/images for website/F_2-robin-hood-foundation-library-raghava-art-02.jpg,2026-05-11T11:46:32
20,F_4.jpg,F_4-robin-hood-foundation-library-raghava-art-03.jpg,/Users/raghavakalyanaraman/Downloads/images for website/F_4.jpg,/Users/raghavakalyanaraman/Downloads/images for website/F_4-robin-hood-foundation-library-raghava-art-03.jpg,2026-05-11T11:46:32
21,G_1.jpg,G_1-anthropomorphisms-when-paintings-dance-first-test-cambridge-massachusetts.jpg,/Users/raghavakalyanaraman/Downloads/images for website/G_1.jpg,/Users/raghavakalyanaraman/Downloads/images for website/G_1-anthropomorphisms-when-paintings-dance-first-test-cambridge-massachusetts.jpg,2026-05-11T11:46:32
22,G_4.jpg,G_4-anthropomorphisms-when-paintings-dance-aif-performance-california.jpg,/Users/raghavakalyanaraman/Downloads/images for website/G_4.jpg,/Users/raghavakalyanaraman/Downloads/images for website/G_4-anthropomorphisms-when-paintings-dance-aif-performance-california.jpg,2026-05-11T11:46:32
23,G_5.jpg,G_5-anthropomorphisms-when-paintings-dance-cambridge-massachusetts.jpg,/Users/raghavakalyanaraman/Downloads/images for website/G_5.jpg,/Users/raghavakalyanaraman/Downloads/images for website/G_5-anthropomorphisms-when-paintings-dance-cambridge-massachusetts.jpg,2026-05-11T11:46:32
24,G_6.jpg,G_6-anthropomorphisms-when-paintings-dance-bangalore-kamal-haasan-taj-west-end.jpg,/Users/raghavakalyanaraman/Downloads/images for website/G_6.jpg,/Users/raghavakalyanaraman/Downloads/images for website/G_6-anthropomorphisms-when-paintings-dance-bangalore-kamal-haasan-taj-west-end.jpg,2026-05-11T11:46:32
25,Guernica for the Siri-ocene (High Resolution).jpg,Guernica for the Siri-ocene (High Resolution)-guernica-for-the-siri-ocene-high-resolution.jpg,/Users/raghavakalyanaraman/Downloads/images for website/Guernica for the Siri-ocene (High Resolution).jpg,/Users/raghavakalyanaraman/Downloads/images for website/Guernica for the Siri-ocene (High Resolution)-guernica-for-the-siri-ocene-high-resolution.jpg,2026-05-11T11:46:32
26,H_1.jpg,H_1-raghava-kk-meets-benazir-bhutto-harvard-university-cambridge.jpg,/Users/raghavakalyanaraman/Downloads/images for website/H_1.jpg,/Users/raghavakalyanaraman/Downloads/images for website/H_1-raghava-kk-meets-benazir-bhutto-harvard-university-cambridge.jpg,2026-05-11T11:46:32
27,H_2.jpg,H_2-raghava-kk-meets-taslima-nasrin-harvard-university-01.jpg,/Users/raghavakalyanaraman/Downloads/images for website/H_2.jpg,/Users/raghavakalyanaraman/Downloads/images for website/H_2-raghava-kk-meets-taslima-nasrin-harvard-university-01.jpg,2026-05-11T11:46:32
28,H_3.jpg,H_3-raghava-kk-meets-taslima-nasrin-harvard-university-02.jpg,/Users/raghavakalyanaraman/Downloads/images for website/H_3.jpg,/Users/raghavakalyanaraman/Downloads/images for website/H_3-raghava-kk-meets-taslima-nasrin-harvard-university-02.jpg,2026-05-11T11:46:32
29,I1_1.jpg,I1_1-karthik-raghava-kk-64-bar-1-founders.jpg,/Users/raghavakalyanaraman/Downloads/images for website/I1_1.jpg,/Users/raghavakalyanaraman/Downloads/images for website/I1_1-karthik-raghava-kk-64-bar-1-founders.jpg,2026-05-11T11:46:32
34,I_2.jpg,I_2-fareed-belkahia-raja-marrakech-morocco.jpg,/Users/raghavakalyanaraman/Downloads/images for website/I_2.jpg,/Users/raghavakalyanaraman/Downloads/images for website/I_2-fareed-belkahia-raja-marrakech-morocco.jpg,2026-05-11T11:46:32
35,I_3.jpg,I_3-ravage-fashion-collaboration-bangalore-palace-london-fashion-week.jpg,/Users/raghavakalyanaraman/Downloads/images for website/I_3.jpg,/Users/raghavakalyanaraman/Downloads/images for website/I_3-ravage-fashion-collaboration-bangalore-palace-london-fashion-week.jpg,2026-05-11T11:46:32
36,II_1.jpg,II_1-nature-morte-gradient-descent-exhibition-01.jpg,/Users/raghavakalyanaraman/Downloads/images for website/II_1.jpg,/Users/raghavakalyanaraman/Downloads/images for website/II_1-nature-morte-gradient-descent-exhibition-01.jpg,2026-05-11T11:46:32
37,II_2.jpg,II_2-nature-morte-gradient-descent-exhibition-02.jpg,/Users/raghavakalyanaraman/Downloads/images for website/II_2.jpg,/Users/raghavakalyanaraman/Downloads/images for website/II_2-nature-morte-gradient-descent-exhibition-02.jpg,2026-05-11T11:46:32
38,II_3.jpg,II_3-nature-morte-gradient-descent-exhibition-03.jpg,/Users/raghavakalyanaraman/Downloads/images for website/II_3.jpg,/Users/raghavakalyanaraman/Downloads/images for website/II_3-nature-morte-gradient-descent-exhibition-03.jpg,2026-05-11T11:46:32
39,II_4.jpg,II_4-nature-morte-gradient-descent-exhibition-04.jpg,/Users/raghavakalyanaraman/Downloads/images for website/II_4.jpg,/Users/raghavakalyanaraman/Downloads/images for website/II_4-nature-morte-gradient-descent-exhibition-04.jpg,2026-05-11T11:46:32
40,III_4.jpeg,III_4-eye-candy-01.jpeg,/Users/raghavakalyanaraman/Downloads/images for website/III_4.jpeg,/Users/raghavakalyanaraman/Downloads/images for website/III_4-eye-candy-01.jpeg,2026-05-11T11:46:32
41,III_5.jpg,III_5-eye-candy-02.jpg,/Users/raghavakalyanaraman/Downloads/images for website/III_5.jpg,/Users/raghavakalyanaraman/Downloads/images for website/III_5-eye-candy-02.jpg,2026-05-11T11:46:32
42,III_9.png,III_9-eye-candy-03.png,/Users/raghavakalyanaraman/Downloads/images for website/III_9.png,/Users/raghavakalyanaraman/Downloads/images for website/III_9-eye-candy-03.png,2026-05-11T11:46:32
43,IV_1.png,IV_1-organism-project-01.png,/Users/raghavakalyanaraman/Downloads/images for website/IV_1.png,/Users/raghavakalyanaraman/Downloads/images for website/IV_1-organism-project-01.png,2026-05-11T11:46:32
44,IV_13.jpeg,IV_13-organism-project-02.jpeg,/Users/raghavakalyanaraman/Downloads/images for website/IV_13.jpeg,/Users/raghavakalyanaraman/Downloads/images for website/IV_13-organism-project-02.jpeg,2026-05-11T11:46:32
45,IV_13.png,IV_13-organism-project-03.png,/Users/raghavakalyanaraman/Downloads/images for website/IV_13.png,/Users/raghavakalyanaraman/Downloads/images for website/IV_13-organism-project-03.png,2026-05-11T11:46:32
46,IV_3.jpeg,IV_3-organism-project-04.jpeg,/Users/raghavakalyanaraman/Downloads/images for website/IV_3.jpeg,/Users/raghavakalyanaraman/Downloads/images for website/IV_3-organism-project-04.jpeg,2026-05-11T11:46:32
47,IV_4.jpeg,IV_4-organism-project-05.jpeg,/Users/raghavakalyanaraman/Downloads/images for website/IV_4.jpeg,/Users/raghavakalyanaraman/Downloads/images for website/IV_4-organism-project-05.jpeg,2026-05-11T11:46:32
48,IV_5.png,IV_5-organism-project-06.png,/Users/raghavakalyanaraman/Downloads/images for website/IV_5.png,/Users/raghavakalyanaraman/Downloads/images for website/IV_5-organism-project-06.png,2026-05-11T11:46:32
49,IV_6.png,IV_6-organism-project-07.png,/Users/raghavakalyanaraman/Downloads/images for website/IV_6.png,/Users/raghavakalyanaraman/Downloads/images for website/IV_6-organism-project-07.png,2026-05-11T11:46:32
50,IV_7.png,IV_7-organism-project-08.png,/Users/raghavakalyanaraman/Downloads/images for website/IV_7.png,/Users/raghavakalyanaraman/Downloads/images for website/IV_7-organism-project-08.png,2026-05-11T11:46:32
51,IV_8.png,IV_8-organism-project-09.png,/Users/raghavakalyanaraman/Downloads/images for website/IV_8.png,/Users/raghavakalyanaraman/Downloads/images for website/IV_8-organism-project-09.png,2026-05-11T11:46:32
52,IX_1.png,IX_1-impossible-bouquet.png,/Users/raghavakalyanaraman/Downloads/images for website/IX_1.png,/Users/raghavakalyanaraman/Downloads/images for website/IX_1-impossible-bouquet.png,2026-05-11T11:46:32
54,K_1(1).jpg,K_1(1)-raghava-kk-shabana-azmi-milind-nayak-set-a-child-free-exhibition-october-2000.jpg,/Users/raghavakalyanaraman/Downloads/images for website/K_1(1).jpg,/Users/raghavakalyanaraman/Downloads/images for website/K_1(1)-raghava-kk-shabana-azmi-milind-nayak-set-a-child-free-exhibition-october-2000.jpg,2026-05-11T11:46:32
55,K_1.jpg,K_1-raghava-kk-netra-auto-wedding-arrival.jpg,/Users/raghavakalyanaraman/Downloads/images for website/K_1.jpg,/Users/raghavakalyanaraman/Downloads/images for website/K_1-raghava-kk-netra-auto-wedding-arrival.jpg,2026-05-11T11:46:32
56,K_2.jpeg,K_2-raghava-kk-madhuri-dixit-shriram-nene.jpeg,/Users/raghavakalyanaraman/Downloads/images for website/K_2.jpeg,/Users/raghavakalyanaraman/Downloads/images for website/K_2-raghava-kk-madhuri-dixit-shriram-nene.jpeg,2026-05-11T11:46:32
57,K_3.jpg,K_3-raghava-kk-wedding-poster.jpg,/Users/raghavakalyanaraman/Downloads/images for website/K_3.jpg,/Users/raghavakalyanaraman/Downloads/images for website/K_3-raghava-kk-wedding-poster.jpg,2026-05-11T11:46:32
58,K_3.png,K_3-raghava-kk-celebrity-collectors.png,/Users/raghavakalyanaraman/Downloads/images for website/K_3.png,/Users/raghavakalyanaraman/Downloads/images for website/K_3-raghava-kk-celebrity-collectors.png,2026-05-11T11:46:32
59,K_4.jpg,K_4-raghava-kk-with-paul-simon.jpg,/Users/raghavakalyanaraman/Downloads/images for website/K_4.jpg,/Users/raghavakalyanaraman/Downloads/images for website/K_4-raghava-kk-with-paul-simon.jpg,2026-05-11T11:46:32
60,K_5.jpg,K_5-amitabh-bachchan-collects-raghava-kk-work.jpg,/Users/raghavakalyanaraman/Downloads/images for website/K_5.jpg,/Users/raghavakalyanaraman/Downloads/images for website/K_5-amitabh-bachchan-collects-raghava-kk-work.jpg,2026-05-11T11:46:32
61,K_6.png,K_6-raghava-kk-wedding-sridevi-family.png,/Users/raghavakalyanaraman/Downloads/images for website/K_6.png,/Users/raghavakalyanaraman/Downloads/images for website/K_6-raghava-kk-wedding-sridevi-family.png,2026-05-11T11:46:32
62,L_1.jpg,L_1-not-another-wedding-goa-exhibition.jpg,/Users/raghavakalyanaraman/Downloads/images for website/L_1.jpg,/Users/raghavakalyanaraman/Downloads/images for website/L_1-not-another-wedding-goa-exhibition.jpg,2026-05-11T11:46:32
63,M_10.jpg,M_10-brooklyn-bound-r-train-art-musings-exhibition-01.jpg,/Users/raghavakalyanaraman/Downloads/images for website/M_10.jpg,/Users/raghavakalyanaraman/Downloads/images for website/M_10-brooklyn-bound-r-train-art-musings-exhibition-01.jpg,2026-05-11T11:46:32
64,M_11.jpg,M_11-brooklyn-bound-r-train-art-musings-exhibition-02.jpg,/Users/raghavakalyanaraman/Downloads/images for website/M_11.jpg,/Users/raghavakalyanaraman/Downloads/images for website/M_11-brooklyn-bound-r-train-art-musings-exhibition-02.jpg,2026-05-11T11:46:32
65,M_12.jpg,M_12-brooklyn-bound-r-train-art-musings-exhibition-03.jpg,/Users/raghavakalyanaraman/Downloads/images for website/M_12.jpg,/Users/raghavakalyanaraman/Downloads/images for website/M_12-brooklyn-bound-r-train-art-musings-exhibition-03.jpg,2026-05-11T11:46:32
70,M_7.jpg,M_7-drawn-and-quartered-art-musings-exhibition-01.jpg,/Users/raghavakalyanaraman/Downloads/images for website/M_7.jpg,/Users/raghavakalyanaraman/Downloads/images for website/M_7-drawn-and-quartered-art-musings-exhibition-01.jpg,2026-05-11T11:46:32
71,M_8.jpg,M_8-drawn-and-quartered-art-musings-exhibition-02.jpg,/Users/raghavakalyanaraman/Downloads/images for website/M_8.jpg,/Users/raghavakalyanaraman/Downloads/images for website/M_8-drawn-and-quartered-art-musings-exhibition-02.jpg,2026-05-11T11:46:32
72,M_9.jpg,M_9-drawn-and-quartered-art-musings-exhibition-03.jpg,/Users/raghavakalyanaraman/Downloads/images for website/M_9.jpg,/Users/raghavakalyanaraman/Downloads/images for website/M_9-drawn-and-quartered-art-musings-exhibition-03.jpg,2026-05-11T11:46:32
73,O_2.png,O_2-obama-hope-campaign-artwork.png,/Users/raghavakalyanaraman/Downloads/images for website/O_2.png,/Users/raghavakalyanaraman/Downloads/images for website/O_2-obama-hope-campaign-artwork.png,2026-05-11T11:46:32
74,P_1.jpg,P_1-private-space-public-space-dumbo-new-york-2010.jpg,/Users/raghavakalyanaraman/Downloads/images for website/P_1.jpg,/Users/raghavakalyanaraman/Downloads/images for website/P_1-private-space-public-space-dumbo-new-york-2010.jpg,2026-05-11T11:46:32
75,Q_1.jpg,Q_1-raghava-kk-first-ted-talk-2010.jpg,/Users/raghavakalyanaraman/Downloads/images for website/Q_1.jpg,/Users/raghavakalyanaraman/Downloads/images for website/Q_1-raghava-kk-first-ted-talk-2010.jpg,2026-05-11T11:46:32
76,Q_11.jpg,Q_11-raghava-kk-first-ted-talk-ken-robinson-june-cohen.jpg,/Users/raghavakalyanaraman/Downloads/images for website/Q_11.jpg,/Users/raghavakalyanaraman/Downloads/images for website/Q_11-raghava-kk-first-ted-talk-ken-robinson-june-cohen.jpg,2026-05-11T11:46:32
77,Q_12.jpg,Q_12-raghava-kk-stefan-sagmeister-first-ted-talk-2010.jpg,/Users/raghavakalyanaraman/Downloads/images for website/Q_12.jpg,/Users/raghavakalyanaraman/Downloads/images for website/Q_12-raghava-kk-stefan-sagmeister-first-ted-talk-2010.jpg,2026-05-11T11:46:32
78,Q_14.jpg,Q_14-raghava-kk-launches-must-hash-with-al-gore-at-ted.jpg,/Users/raghavakalyanaraman/Downloads/images for website/Q_14.jpg,/Users/raghavakalyanaraman/Downloads/images for website/Q_14-raghava-kk-launches-must-hash-with-al-gore-at-ted.jpg,2026-05-11T11:46:32
80,Q_15.jpg,Q_15-raghava-kk-meets-al-gore-ted-2010.jpg,/Users/raghavakalyanaraman/Downloads/images for website/Q_15.jpg,/Users/raghavakalyanaraman/Downloads/images for website/Q_15-raghava-kk-meets-al-gore-ted-2010.jpg,2026-05-11T11:46:32
81,Q_16.jpg,Q_16-raghava-kk-daniel-kahneman-chris-anderson-house-new-york-2011.jpg,/Users/raghavakalyanaraman/Downloads/images for website/Q_16.jpg,/Users/raghavakalyanaraman/Downloads/images for website/Q_16-raghava-kk-daniel-kahneman-chris-anderson-house-new-york-2011.jpg,2026-05-11T11:46:32
82,Q_17.jpg,Q_17-raghava-kk-jeff-marx-art-world-meets-broadway-times-square-party.jpg,/Users/raghavakalyanaraman/Downloads/images for website/Q_17.jpg,/Users/raghavakalyanaraman/Downloads/images for website/Q_17-raghava-kk-jeff-marx-art-world-meets-broadway-times-square-party.jpg,2026-05-11T11:46:32
83,Q_18.jpg,Q_18-raghava-kk-with-rick-fitness-icon.jpg,/Users/raghavakalyanaraman/Downloads/images for website/Q_18.jpg,/Users/raghavakalyanaraman/Downloads/images for website/Q_18-raghava-kk-with-rick-fitness-icon.jpg,2026-05-11T11:46:32
84,Q_19.JPG,Q_19-raghava-kk-with-amelie-director.JPG,/Users/raghavakalyanaraman/Downloads/images for website/Q_19.JPG,/Users/raghavakalyanaraman/Downloads/images for website/Q_19-raghava-kk-with-amelie-director.JPG,2026-05-11T11:46:32
85,Q_2.jpg,Q_2-raghava-kk-ted-talk-brainwave-art.jpg,/Users/raghavakalyanaraman/Downloads/images for website/Q_2.jpg,/Users/raghavakalyanaraman/Downloads/images for website/Q_2-raghava-kk-ted-talk-brainwave-art.jpg,2026-05-11T11:46:32
86,Q_20.jpg,Q_20-raghava-kk-announced-as-tedmed-speaker.jpg,/Users/raghavakalyanaraman/Downloads/images for website/Q_20.jpg,/Users/raghavakalyanaraman/Downloads/images for website/Q_20-raghava-kk-announced-as-tedmed-speaker.jpg,2026-05-11T11:46:32
87,Q_3.JPG,Q_3-raghava-kk-ted-2022-logo.JPG,/Users/raghavakalyanaraman/Downloads/images for website/Q_3.JPG,/Users/raghavakalyanaraman/Downloads/images for website/Q_3-raghava-kk-ted-2022-logo.JPG,2026-05-11T11:46:32
88,Q_4.jpg,Q_4-raghava-kk-brainwave-ted-talk.jpg,/Users/raghavakalyanaraman/Downloads/images for website/Q_4.jpg,/Users/raghavakalyanaraman/Downloads/images for website/Q_4-raghava-kk-brainwave-ted-talk.jpg,2026-05-11T11:46:32
89,Q_6.jpeg,Q_6-raghava-kk-psychedelic-studies-pioneers-ted-tushar-jivrajka.jpeg,/Users/raghavakalyanaraman/Downloads/images for website/Q_6.jpeg,/Users/raghavakalyanaraman/Downloads/images for website/Q_6-raghava-kk-psychedelic-studies-pioneers-ted-tushar-jivrajka.jpeg,2026-05-11T11:46:32
91,Q_8.jpg,Q_8-raghava-kk-with-billy-collins-poet-laureate.jpg,/Users/raghavakalyanaraman/Downloads/images for website/Q_8.jpg,/Users/raghavakalyanaraman/Downloads/images for website/Q_8-raghava-kk-with-billy-collins-poet-laureate.jpg,2026-05-11T11:46:32
92,Q_9.jpg,Q_9-raghava-kk-with-benoit-mandelbrot.jpg,/Users/raghavakalyanaraman/Downloads/images for website/Q_9.jpg,/Users/raghavakalyanaraman/Downloads/images for website/Q_9-raghava-kk-with-benoit-mandelbrot.jpg,2026-05-11T11:46:32
93,S_1.jpg,S_1-pop-it-shaking-childrens-book-launch-inc-conference.jpg,/Users/raghavakalyanaraman/Downloads/images for website/S_1.jpg,/Users/raghavakalyanaraman/Downloads/images for website/S_1-pop-it-shaking-childrens-book-launch-inc-conference.jpg,2026-05-11T11:46:32
94,S_10.jpg,S_10-raghava-kk-featured-in-calcalist-magazine-israel.jpg,/Users/raghavakalyanaraman/Downloads/images for website/S_10.jpg,/Users/raghavakalyanaraman/Downloads/images for website/S_10-raghava-kk-featured-in-calcalist-magazine-israel.jpg,2026-05-11T11:46:32
95,S_11.png,S_11-raghava-kk-big-think-mentor-talks.png,/Users/raghavakalyanaraman/Downloads/images for website/S_11.png,/Users/raghavakalyanaraman/Downloads/images for website/S_11-raghava-kk-big-think-mentor-talks.png,2026-05-11T11:46:32
96,S_12.jpg,S_12-raghava-kk-with-tony-blair-vinod-khosla-private-conference-2010.jpg,/Users/raghavakalyanaraman/Downloads/images for website/S_12.jpg,/Users/raghavakalyanaraman/Downloads/images for website/S_12-raghava-kk-with-tony-blair-vinod-khosla-private-conference-2010.jpg,2026-05-11T11:46:32
97,S_13.png,S_13-raghava-kk-tedmed-talk-goes-live.png,/Users/raghavakalyanaraman/Downloads/images for website/S_13.png,/Users/raghavakalyanaraman/Downloads/images for website/S_13-raghava-kk-tedmed-talk-goes-live.png,2026-05-11T11:46:32
98,S_17.JPG,S_17-raghava-kk-with-shane-koyczan-grid-conference-sweden.JPG,/Users/raghavakalyanaraman/Downloads/images for website/S_17.JPG,/Users/raghavakalyanaraman/Downloads/images for website/S_17-raghava-kk-with-shane-koyczan-grid-conference-sweden.JPG,2026-05-11T11:46:32
99,S_19.JPG,S_19-raghava-kk-with-cedric-fields-medal-winner.JPG,/Users/raghavakalyanaraman/Downloads/images for website/S_19.JPG,/Users/raghavakalyanaraman/Downloads/images for website/S_19-raghava-kk-with-cedric-fields-medal-winner.JPG,2026-05-11T11:46:32
100,S_2.jpg,S_2-raghava-kk-launches-shaking-storytelling-india-pakistan-conference.jpg,/Users/raghavakalyanaraman/Downloads/images for website/S_2.jpg,/Users/raghavakalyanaraman/Downloads/images for website/S_2-raghava-kk-launches-shaking-storytelling-india-pakistan-conference.jpg,2026-05-11T11:46:32
101,S_20.JPG,S_20-raghava-kk-with-linus-torvalds.JPG,/Users/raghavakalyanaraman/Downloads/images for website/S_20.JPG,/Users/raghavakalyanaraman/Downloads/images for website/S_20-raghava-kk-with-linus-torvalds.JPG,2026-05-11T11:46:32
102,S_21.jpg,S_21-raghava-kk-speaking-frank-lloyd-wright-foundation-taliesin-arizona.jpg,/Users/raghavakalyanaraman/Downloads/images for website/S_21.jpg,/Users/raghavakalyanaraman/Downloads/images for website/S_21-raghava-kk-speaking-frank-lloyd-wright-foundation-taliesin-arizona.jpg,2026-05-11T11:46:32
103,S_22.JPG,S_22-raghava-kk-with-prime-minister-of-bhutan.JPG,/Users/raghavakalyanaraman/Downloads/images for website/S_22.JPG,/Users/raghavakalyanaraman/Downloads/images for website/S_22-raghava-kk-with-prime-minister-of-bhutan.JPG,2026-05-11T11:46:32
104,S_23.png,S_23-raghava-kk-featured-on-cnn-website.png,/Users/raghavakalyanaraman/Downloads/images for website/S_23.png,/Users/raghavakalyanaraman/Downloads/images for website/S_23-raghava-kk-featured-on-cnn-website.png,2026-05-11T11:46:32
105,S_3.jpg,S_3-raghava-kk-meets-mayor-of-tel-aviv-official-visit-israel.jpg,/Users/raghavakalyanaraman/Downloads/images for website/S_3.jpg,/Users/raghavakalyanaraman/Downloads/images for website/S_3-raghava-kk-meets-mayor-of-tel-aviv-official-visit-israel.jpg,2026-05-11T11:46:32
106,S_5.jpg,S_5-raghava-kk-speaking-grid-conference-sweden.jpg,/Users/raghavakalyanaraman/Downloads/images for website/S_5.jpg,/Users/raghavakalyanaraman/Downloads/images for website/S_5-raghava-kk-speaking-grid-conference-sweden.jpg,2026-05-11T11:46:32
107,S_6.jpg,S_6-joi-ito-presents-raghava-kk-work-super-presentation-show-japan.jpg,/Users/raghavakalyanaraman/Downloads/images for website/S_6.jpg,/Users/raghavakalyanaraman/Downloads/images for website/S_6-joi-ito-presents-raghava-kk-work-super-presentation-show-japan.jpg,2026-05-11T11:46:32
108,T_1.jpg,T_1-lalitesh-katragadda-raghava-kk-co-chair-inc-fellows-2015.jpg,/Users/raghavakalyanaraman/Downloads/images for website/T_1.jpg,/Users/raghavakalyanaraman/Downloads/images for website/T_1-lalitesh-katragadda-raghava-kk-co-chair-inc-fellows-2015.jpg,2026-05-11T11:46:32
109,U_1.png,U_1-will-you-play-with-me-national-geographic-krithi-karanth.png,/Users/raghavakalyanaraman/Downloads/images for website/U_1.png,/Users/raghavakalyanaraman/Downloads/images for website/U_1-will-you-play-with-me-national-geographic-krithi-karanth.png,2026-05-11T11:46:32
110,U_10.jpg,U_10-mona-lisa-2-0-brainwave-art-01.jpg,/Users/raghavakalyanaraman/Downloads/images for website/U_10.jpg,/Users/raghavakalyanaraman/Downloads/images for website/U_10-mona-lisa-2-0-brainwave-art-01.jpg,2026-05-11T11:46:32
111,U_11.jpg,U_11-mona-lisa-2-0-brainwave-art-02.jpg,/Users/raghavakalyanaraman/Downloads/images for website/U_11.jpg,/Users/raghavakalyanaraman/Downloads/images for website/U_11-mona-lisa-2-0-brainwave-art-02.jpg,2026-05-11T11:46:32
112,U_3.JPG,U_3-raghava-kk-with-sylvia-earle.JPG,/Users/raghavakalyanaraman/Downloads/images for website/U_3.JPG,/Users/raghavakalyanaraman/Downloads/images for website/U_3-raghava-kk-with-sylvia-earle.JPG,2026-05-11T11:46:32
113,U_4.JPG,U_4-raghava-kk-with-lee-berger-national-geographic.JPG,/Users/raghavakalyanaraman/Downloads/images for website/U_4.JPG,/Users/raghavakalyanaraman/Downloads/images for website/U_4-raghava-kk-with-lee-berger-national-geographic.JPG,2026-05-11T11:46:32
114,U_5.png,U_5-will-you-play-with-me-kokachi-krithi-karanth-nethra-shrikant.png,/Users/raghavakalyanaraman/Downloads/images for website/U_5.png,/Users/raghavakalyanaraman/Downloads/images for website/U_5-will-you-play-with-me-kokachi-krithi-karanth-nethra-shrikant.png,2026-05-11T11:46:32
115,U_6.png,U_6-raghava-kk-national-geographic-explorer-through-the-arts.png,/Users/raghavakalyanaraman/Downloads/images for website/U_6.png,/Users/raghavakalyanaraman/Downloads/images for website/U_6-raghava-kk-national-geographic-explorer-through-the-arts.png,2026-05-11T11:46:32
116,U_7.jpg,U_7-mona-lisa-2-0-brainwave-art-03.jpg,/Users/raghavakalyanaraman/Downloads/images for website/U_7.jpg,/Users/raghavakalyanaraman/Downloads/images for website/U_7-mona-lisa-2-0-brainwave-art-03.jpg,2026-05-11T11:46:32
117,U_8.jpg,U_8-mona-lisa-2-0-brainwave-art-04.jpg,/Users/raghavakalyanaraman/Downloads/images for website/U_8.jpg,/Users/raghavakalyanaraman/Downloads/images for website/U_8-mona-lisa-2-0-brainwave-art-04.jpg,2026-05-11T11:46:32
118,U_9.png,U_9-mona-lisa-2-0-brainwave-art-05.png,/Users/raghavakalyanaraman/Downloads/images for website/U_9.png,/Users/raghavakalyanaraman/Downloads/images for website/U_9-mona-lisa-2-0-brainwave-art-05.png,2026-05-11T11:46:32
120,V_1.jpg,V_1-raghava-kk-creative-indians-netflix-episode.jpg,/Users/raghavakalyanaraman/Downloads/images for website/V_1.jpg,/Users/raghavakalyanaraman/Downloads/images for website/V_1-raghava-kk-creative-indians-netflix-episode.jpg,2026-05-11T11:46:32
132,VII_1.JPG,VII_1-guernica-project-dubai-launch-2022.JPG,/Users/raghavakalyanaraman/Downloads/images for website/VII_1.JPG,/Users/raghavakalyanaraman/Downloads/images for website/VII_1-guernica-project-dubai-launch-2022.JPG,2026-05-11T11:46:32
134,VII_2.jpg,VII_2-guernica-project-dubai-2022-01.jpg,/Users/raghavakalyanaraman/Downloads/images for website/VII_2.jpg,/Users/raghavakalyanaraman/Downloads/images for website/VII_2-guernica-project-dubai-2022-01.jpg,2026-05-11T11:46:32
135,VII_3.jpg,VII_3-guernica-project-dubai-2022-02.jpg,/Users/raghavakalyanaraman/Downloads/images for website/VII_3.jpg,/Users/raghavakalyanaraman/Downloads/images for website/VII_3-guernica-project-dubai-2022-02.jpg,2026-05-11T11:46:32
136,VII_5.jpg,VII_5-guernica-project-dubai-2022-03.jpg,/Users/raghavakalyanaraman/Downloads/images for website/VII_5.jpg,/Users/raghavakalyanaraman/Downloads/images for website/VII_5-guernica-project-dubai-2022-03.jpg,2026-05-11T11:46:32
137,VII_6.jpg,VII_6-guernica-project-dubai-2022-04.jpg,/Users/raghavakalyanaraman/Downloads/images for website/VII_6.jpg,/Users/raghavakalyanaraman/Downloads/images for website/VII_6-guernica-project-dubai-2022-04.jpg,2026-05-11T11:46:32
138,VII_7.jpg,VII_7-guernica-project-dubai-2022-05.jpg,/Users/raghavakalyanaraman/Downloads/images for website/VII_7.jpg,/Users/raghavakalyanaraman/Downloads/images for website/VII_7-guernica-project-dubai-2022-05.jpg,2026-05-11T11:46:32
139,VII_8.HEIC,VII_8-guernica-project-dubai-2022-06.HEIC,/Users/raghavakalyanaraman/Downloads/images for website/VII_8.HEIC,/Users/raghavakalyanaraman/Downloads/images for website/VII_8-guernica-project-dubai-2022-06.HEIC,2026-05-11T11:46:32
140,VII_9.png,VII_9-guernica-project-dubai-2022-07.png,/Users/raghavakalyanaraman/Downloads/images for website/VII_9.png,/Users/raghavakalyanaraman/Downloads/images for website/VII_9-guernica-project-dubai-2022-07.png,2026-05-11T11:46:32
142,VIII_10.png,VIII_10-himalaya-project-royal-enfield-01.png,/Users/raghavakalyanaraman/Downloads/images for website/VIII_10.png,/Users/raghavakalyanaraman/Downloads/images for website/VIII_10-himalaya-project-royal-enfield-01.png,2026-05-11T11:46:32
143,VIII_11.png,VIII_11-himalaya-project-royal-enfield-02.png,/Users/raghavakalyanaraman/Downloads/images for website/VIII_11.png,/Users/raghavakalyanaraman/Downloads/images for website/VIII_11-himalaya-project-royal-enfield-02.png,2026-05-11T11:46:32
144,VIII_2.jpg,VIII_2-impossible-bouquet-2-0-gujarat-foundation-01.jpg,/Users/raghavakalyanaraman/Downloads/images for website/VIII_2.jpg,/Users/raghavakalyanaraman/Downloads/images for website/VIII_2-impossible-bouquet-2-0-gujarat-foundation-01.jpg,2026-05-11T11:46:32
145,VIII_3.JPG,VIII_3-impossible-bouquet-2-0-gujarat-foundation-02.JPG,/Users/raghavakalyanaraman/Downloads/images for website/VIII_3.JPG,/Users/raghavakalyanaraman/Downloads/images for website/VIII_3-impossible-bouquet-2-0-gujarat-foundation-02.JPG,2026-05-11T11:46:32
146,VIII_4.JPG,VIII_4-impossible-bouquet-2-0-gujarat-foundation-03.JPG,/Users/raghavakalyanaraman/Downloads/images for website/VIII_4.JPG,/Users/raghavakalyanaraman/Downloads/images for website/VIII_4-impossible-bouquet-2-0-gujarat-foundation-03.JPG,2026-05-11T11:46:32
147,VIII_5.JPG,VIII_5-impossible-bouquet-2-0-gujarat-foundation-04.JPG,/Users/raghavakalyanaraman/Downloads/images for website/VIII_5.JPG,/Users/raghavakalyanaraman/Downloads/images for website/VIII_5-impossible-bouquet-2-0-gujarat-foundation-04.JPG,2026-05-11T11:46:32
148,W_1.jpg,W_1-pop-it-ipad-project-01.jpg,/Users/raghavakalyanaraman/Downloads/images for website/W_1.jpg,/Users/raghavakalyanaraman/Downloads/images for website/W_1-pop-it-ipad-project-01.jpg,2026-05-11T11:46:32
149,W_2.jpg,W_2-pop-it-ipad-project-02.jpg,/Users/raghavakalyanaraman/Downloads/images for website/W_2.jpg,/Users/raghavakalyanaraman/Downloads/images for website/W_2-pop-it-ipad-project-02.jpg,2026-05-11T11:46:32
150,W_3.jpg,W_3-pop-it-ipad-project-03.jpg,/Users/raghavakalyanaraman/Downloads/images for website/W_3.jpg,/Users/raghavakalyanaraman/Downloads/images for website/W_3-pop-it-ipad-project-03.jpg,2026-05-11T11:46:32
151,W_4.jpg,W_4-pop-it-ipad-project-04.jpg,/Users/raghavakalyanaraman/Downloads/images for website/W_4.jpg,/Users/raghavakalyanaraman/Downloads/images for website/W_4-pop-it-ipad-project-04.jpg,2026-05-11T11:46:32
152,W_5.jpg,W_5-pop-it-ipad-project-05.jpg,/Users/raghavakalyanaraman/Downloads/images for website/W_5.jpg,/Users/raghavakalyanaraman/Downloads/images for website/W_5-pop-it-ipad-project-05.jpg,2026-05-11T11:46:32
153,X_1.jpg,X_1-paul-simon-collaboration-t-shirt.jpg,/Users/raghavakalyanaraman/Downloads/images for website/X_1.jpg,/Users/raghavakalyanaraman/Downloads/images for website/X_1-paul-simon-collaboration-t-shirt.jpg,2026-05-11T11:46:32
154,X_10.png,X_10-vishwa-subbaraman-collaboration-skylight-theater.png,/Users/raghavakalyanaraman/Downloads/images for website/X_10.png,/Users/raghavakalyanaraman/Downloads/images for website/X_10-vishwa-subbaraman-collaboration-skylight-theater.png,2026-05-11T11:46:32
155,X_11.png,X_11-must-hash-launch-art-project.png,/Users/raghavakalyanaraman/Downloads/images for website/X_11.png,/Users/raghavakalyanaraman/Downloads/images for website/X_11-must-hash-launch-art-project.png,2026-05-11T11:46:32
156,X_2.jpg,X_2-erykah-badu-collaboration.jpg,/Users/raghavakalyanaraman/Downloads/images for website/X_2.jpg,/Users/raghavakalyanaraman/Downloads/images for website/X_2-erykah-badu-collaboration.jpg,2026-05-11T11:46:32
157,X_5.jpg,X_5-paul-simon-launch-raghava-kk-concert-backdrop-new-york-city-01.jpg,/Users/raghavakalyanaraman/Downloads/images for website/X_5.jpg,/Users/raghavakalyanaraman/Downloads/images for website/X_5-paul-simon-launch-raghava-kk-concert-backdrop-new-york-city-01.jpg,2026-05-11T11:46:32
158,X_6.jpg,X_6-paul-simon-launch-raghava-kk-concert-backdrop-new-york-city-02.jpg,/Users/raghavakalyanaraman/Downloads/images for website/X_6.jpg,/Users/raghavakalyanaraman/Downloads/images for website/X_6-paul-simon-launch-raghava-kk-concert-backdrop-new-york-city-02.jpg,2026-05-11T11:46:32
159,X_7.jpg,X_7-skylight-theater-vishwa-subbaraman-brainwave-art-milwaukee.jpg,/Users/raghavakalyanaraman/Downloads/images for website/X_7.jpg,/Users/raghavakalyanaraman/Downloads/images for website/X_7-skylight-theater-vishwa-subbaraman-brainwave-art-milwaukee.jpg,2026-05-11T11:46:32
160,X_8.jpg,X_8-must-hash-launch-at-ted.jpg,/Users/raghavakalyanaraman/Downloads/images for website/X_8.jpg,/Users/raghavakalyanaraman/Downloads/images for website/X_8-must-hash-launch-at-ted.jpg,2026-05-11T11:46:32
161,Y_1.png,Y_1-art-matter-eric-fishel-painting-robots-collaboration-01.png,/Users/raghavakalyanaraman/Downloads/images for website/Y_1.png,/Users/raghavakalyanaraman/Downloads/images for website/Y_1-art-matter-eric-fishel-painting-robots-collaboration-01.png,2026-05-11T11:46:32
162,Y_2.JPG,Y_2-art-matter-eric-fishel-painting-robots-collaboration-02.JPG,/Users/raghavakalyanaraman/Downloads/images for website/Y_2.JPG,/Users/raghavakalyanaraman/Downloads/images for website/Y_2-art-matter-eric-fishel-painting-robots-collaboration-02.JPG,2026-05-11T11:46:32
163,Y_4.jpg,Y_4-art-matter-eric-fishel-painting-robots-collaboration-03.jpg,/Users/raghavakalyanaraman/Downloads/images for website/Y_4.jpg,/Users/raghavakalyanaraman/Downloads/images for website/Y_4-art-matter-eric-fishel-painting-robots-collaboration-03.jpg,2026-05-11T11:46:32
164,Z_1.jpg,Z_1-art-matter-eric-fishel-painting-robots-collaboration-04.jpg,/Users/raghavakalyanaraman/Downloads/images for website/Z_1.jpg,/Users/raghavakalyanaraman/Downloads/images for website/Z_1-art-matter-eric-fishel-painting-robots-collaboration-04.jpg,2026-05-11T11:46:32
165,Z_2.png,Z_2-ricky-kej-shanti-samsara-collaboration.png,/Users/raghavakalyanaraman/Downloads/images for website/Z_2.png,/Users/raghavakalyanaraman/Downloads/images for website/Z_2-ricky-kej-shanti-samsara-collaboration.png,2026-05-11T11:46:32
